epoch,accuracy,loss,top3_accuracy,val_accuracy,val_loss,val_top3_accuracy
0,0.6188212037086487,1.8031234741210938,0.8428437113761902,0.7994520664215088,1.0893210172653198,0.9564383625984192
1,0.7047082185745239,1.513218879699707,0.9035458564758301,0.8304109573364258,1.0078028440475464,0.9660273790359497
2,0.7266643047332764,1.4579415321350098,0.9128801226615906,0.8180822134017944,1.0043576955795288,0.9509589076042175
3,0.7440413236618042,1.4277615547180176,0.9236233234405518,0.8482191562652588,0.9706084728240967,0.9709588885307312
4,0.7467418313026428,1.411258339881897,0.9267934560775757,0.821095883846283,0.9904760122299194,0.9698629975318909
5,0.7536104321479797,1.387192726135254,0.9267934560775757,0.8482191562652588,0.9606150388717651,0.9652054905891418
6,0.7569566965103149,1.3825573921203613,0.9292004108428955,0.8498629927635193,0.9583192467689514,0.9578081965446472
7,0.7672889232635498,1.3663804531097412,0.934307873249054,0.8369863033294678,0.9778270125389099,0.9550684690475464
8,0.7679347395896912,1.3535423278808594,0.9342491626739502,0.8498629927635193,0.9397475123405457,0.9693150520324707
9,0.7765645384788513,1.347622036933899,0.9379476308822632,0.8509588837623596,0.9376948475837708,0.9676712155342102
10,0.7773277163505554,1.3468382358551025,0.9373018741607666,0.8506849408149719,0.935846745967865,0.960547924041748
11,0.7839027643203735,1.3237336874008179,0.940119743347168,0.8608219027519226,0.92005455493927,0.9652054905891418
12,0.7869554758071899,1.3237345218658447,0.9410590529441833,0.8594520688056946,0.9130475521087646,0.96712327003479
13,0.7889515161514282,1.3105002641677856,0.9411177635192871,0.8643835783004761,0.910467267036438,0.9654794335365295
14,0.7833157181739807,1.3150728940963745,0.9427615404129028,0.8641095757484436,0.907448410987854,0.9668493270874023
